Açaí-Guaraná,Citrus,Estação,LAT,LONG,Maçã-Verde,Movimentação,Original_269,Original_473,Pêssego,TARGET,Tangerina,Tempo,Zero,row
43,9,Brigadeiro,-23.5683,-46.6482,38,49120,20,23,43,NORMAL,41,2018-9-16,24,976
7,25,Brigadeiro,-23.5683,-46.6482,38,45993,33,66,38,NORMAL,20,2018-11-14,24,1034
43,21,Brigadeiro,-23.5683,-46.6482,33,49695,65,35,36,NORMAL,11,2019-1-11,28,1091
15,8,Brigadeiro,-23.5683,-46.6482,12,48838,65,17,16,NORMAL,21,2019-5-16,58,1216
15,25,Consolao,-23.5581,-46.6606,29,111669,21,86,13,NORMAL,26,2018-5-12,12,2292
11,21,Consolao,-23.5581,-46.6606,20,114977,2,74,8,NORMAL,30,2018-6-17,22,2327
43,39,Consolao,-23.5581,-46.6606,27,113827,10,86,15,NORMAL,16,2019-5-7,45,2647
30,30,Fradique Coutinho,-23.5661,-46.6841,11,35670,12,8,30,REABASTECER,10,2018-12-7,22,10417
17,33,Consolao,-23.5581,-46.6606,15,112807,39,86,13,NORMAL,35,2019-10-15,61,2805
24,10,Consolao,-23.5581,-46.6606,39,112881,59,61,22,NORMAL,7,2019-11-3,65,2823
38,13,Tamanduate,-23.59290,-46.5897,14,50690,3,75,8,REABASTECER,3,2018-1-11,65,2891
14,24,Tamanduate,-23.59290,-46.5897,43,49723,60,6,35,REABASTECER,33,2018-2-16,24,2926
8,18,Fradique Coutinho,-23.5661,-46.6841,29,36075,65,35,30,NORMAL,12,2019-6-23,9,10613
8,13,Fradique Coutinho,-23.5661,-46.6841,34,34590,23,31,43,REABASTECER,43,2019-9-23,9,10703
33,22,Tamanduate,-23.59290,-46.5897,33,52547,36,86,29,NORMAL,14,2018-6-17,46,3047
33,39,Trianon-Masp,-23.5634,-46.6544,39,42890,65,13,27,NORMAL,6,2019-12-1,56,2131
27,31,Fradique Coutinho,-23.5661,-46.6841,41,35654,65,13,17,NORMAL,26,2019-11-25,32,10765
43,17,Consolao,-23.5581,-46.6606,13,114169,59,79,5,REABASTECER,43,2018-1-11,58,2171
33,33,Tamanduate,-23.59290,-46.5897,22,53071,42,60,43,NORMAL,22,2018-8-16,16,3106
39,3,Consolao,-23.5581,-46.6606,14,115378,35,13,7,NORMAL,31,2018-3-10,52,2230
43,1,Luz,-23.5365,-46.6332,31,127031,56,47,34,NORMAL,13,2018-3-6,3,10866
36,20,Consolao,-23.5581,-46.6606,35,114007,46,53,31,NORMAL,43,2018-4-27,53,2277
38,14,Luz,-23.5365,-46.6332,25,126125,65,14,24,NORMAL,14,2018-6-14,51,10964
43,21,Consolao,-23.5581,-46.6606,40,114712,47,50,34,NORMAL,29,2018-10-7,31,2437
40,36,Consolao,-23.5581,-46.6606,37,112058,4,53,38,NORMAL,21,2019-7-27,18,2727
25,22,Luz,-23.5365,-46.6332,40,127220,38,86,9,NORMAL,5,2019-8-21,14,11391
38,14,Consolao,-23.5581,-46.6606,28,112331,61,73,32,NORMAL,22,2019-12-25,52,2875
12,40,S,-23.55,-46.6333,5,194623,2,15,24,REABASTECER,35,2018-8-12,34,3822
38,22,Tamanduate,-23.59290,-46.5897,37,49772,6,74,14,REABASTECER,13,2018-1-20,11,2900
16,38,Tamanduate,-23.59290,-46.5897,21,53202,61,24,27,NORMAL,35,2018-4-10,41,2980
39,34,Ana Rosa,-23.5813,-46.6383,25,64234,46,4,16,REABASTECER,37,2018-3-4,24,11584
33,35,S,-23.55,-46.6333,27,194795,65,23,26,NORMAL,34,2018-12-8,65,3938
20,10,Ana Rosa,-23.5813,-46.6383,39,64436,24,72,35,NORMAL,23,2018-7-9,13,11709
33,3,Tamanduate,-23.59290,-46.5897,29,50417,57,43,43,REABASTECER,14,2018-8-27,65,3117
7,43,Tamanduate,-23.59290,-46.5897,31,53429,63,59,43,REABASTECER,6,2018-11-5,40,3185
19,35,Tamanduate,-23.59290,-46.5897,28,50217,13,38,15,NORMAL,8,2018-12-5,20,3215
14,8,Ana Rosa,-23.5813,-46.6383,17,66105,33,70,30,NORMAL,43,2018-11-8,37,11828
25,43,S,-23.55,-46.6333,5,191967,45,34,38,REABASTECER,43,2019-9-5,20,4205
37,35,Tamanduate,-23.59290,-46.5897,23,51101,56,9,39,REABASTECER,12,2019-4-8,65,3338
43,10,Tamanduate,-23.59290,-46.5897,43,49829,12,46,16,NORMAL,2,2019-5-19,36,3379
43,28,Higienpolis-Mackenzie,-23.5488,-46.6519,14,90335,14,86,7,NORMAL,18,2018-6-6,36,7356
9,37,Faria Lima,-23.5675,-46.6929,12,52666,29,46,43,NORMAL,33,2019-3-15,42,8355
7,9,Eucaliptos,-23.61,-46.6686,17,25056,52,60,37,NORMAL,27,2019-4-15,36,16305
43,28,Faria Lima,-23.5675,-46.6929,8,54153,15,50,43,NORMAL,23,2019-7-22,28,8482
31,20,Faria Lima,-23.5675,-46.6929,1,54049,39,47,9,NORMAL,9,2019-10-23,24,8573
8,10,Faria Lima,-23.5675,-46.6929,9,54384,12,73,34,NORMAL,28,2019-11-9,54,8589
30,12,Higienpolis-Mackenzie,-23.5488,-46.6519,9,93428,40,10,7,NORMAL,43,2019-7-28,11,7768
35,24,Faria Lima,-23.5675,-46.6929,20,53304,57,47,29,NORMAL,17,2019-12-2,14,8612
43,10,Eucaliptos,-23.61,-46.6686,9,25551,55,36,21,NORMAL,43,2019-10-8,21,16478
10,28,Eucaliptos,-23.61,-46.6686,12,23566,26,86,40,NORMAL,25,2019-12-16,14,16546
25,33,Faria Lima,-23.5675,-46.6929,41,52007,41,25,30,NORMAL,16,2018-1-16,28,7936
35,38,Moema,-23.5489,-46.6388,23,17333,34,28,3,REABASTECER,10,2018-4-5,35,16655
12,30,Faria Lima,-23.5675,-46.6929,29,52368,53,18,30,REABASTECER,1,2018-3-1,49,7981
36,6,Faria Lima,-23.5675,-46.6929,10,54829,33,74,11,NORMAL,9,2018-8-26,56,8156
43,23,Faria Lima,-23.5675,-46.6929,28,53661,65,42,14,NORMAL,33,2018-10-5,48,8195
24,5,Faria Lima,-23.5675,-46.6929,21,53455,56,19,5,REABASTECER,7,2019-2-30,11,8340
9,37,Faria Lima,-23.5675,-46.6929,12,52666,29,46,43,NORMAL,33,2019-3-15,42,8355
7,32,Faria Lima,-23.5675,-46.6929,7,51521,21,35,41,NORMAL,27,2019-3-16,38,8356
29,22,Paraso,-23.57677,-46.63933,17,72495,29,86,6,NORMAL,4,2018-6-18,8,168
10,15,Paraso,-23.57677,-46.63933,37,73381,8,46,39,NORMAL,28,2018-9-28,55,268
43,27,Paraso,-23.57677,-46.63933,7,71837,65,86,18,NORMAL,17,2018-11-24,56,324
43,38,Pinheiros,-23.5664,-46.703,30,78541,19,65,21,NORMAL,17,2018-1-20,65,8660
37,15,Paraso,-23.57677,-46.63933,27,72239,58,34,19,REABASTECER,28,2019-2-11,8,401
8,18,Pinheiros,-23.5664,-46.703,36,78873,11,16,43,NORMAL,35,2018-11-6,36,8946
25,42,Paraso,-23.57677,-46.63933,38,70606,42,77,41,NORMAL,19,2019-11-29,24,689
5,32,Butant,-23.5844,-46.7252,41,65826,5,55,33,NORMAL,15,2019-7-12,42,9912
10,7,Butant,-23.5844,-46.7252,43,67175,34,86,34,NORMAL,22,2019-8-23,14,9953
7,9,Brigadeiro,-23.5683,-46.6482,13,47827,27,79,30,NORMAL,17,2018-3-13,16,793
13,42,Butant,-23.5844,-46.7252,11,65330,17,40,30,NORMAL,16,2019-11-27,22,10047
43,14,Pinheiros,-23.5664,-46.703,43,79693,32,16,8,NORMAL,38,2019-8-1,13,9211
22,39,Fradique Coutinho,-23.5661,-46.6841,7,36548,35,18,32,NORMAL,29,2018-1-26,17,10106
33,10,Fradique Coutinho,-23.5661,-46.6841,31,35817,52,34,9,REABASTECER,6,2018-2-3,35,10113
24,20,Pinheiros,-23.5664,-46.703,5,78359,44,47,19,REABASTECER,41,2019-10-3,34,9273
43,16,Brigadeiro,-23.5683,-46.6482,43,47657,42,86,12,NORMAL,37,2018-10-6,30,996
15,38,Brigadeiro,-23.5683,-46.6482,28,48438,29,32,9,NORMAL,22,2018-12-15,8,1065
43,21,Brigadeiro,-23.5683,-46.6482,33,49695,65,35,36,NORMAL,11,2019-1-11,28,1091
20,43,Fradique Coutinho,-23.5661,-46.6841,23,36833,6,45,31,REABASTECER,37,2018-7-2,48,10262
43,7,Brigadeiro,-23.5683,-46.6482,15,46238,30,50,38,REABASTECER,11,2019-4-8,7,1178
30,29,Fradique Coutinho,-23.5661,-46.6841,33,36834,65,64,23,NORMAL,16,2018-12-18,2,10428
28,27,Brigadeiro,-23.5683,-46.6482,14,46341,26,4,43,NORMAL,41,2019-9-4,36,1324
5,30,Brigadeiro,-23.5683,-46.6482,9,47866,48,55,20,NORMAL,28,2019-10-13,29,1363
8,13,Fradique Coutinho,-23.5661,-46.6841,34,34590,23,31,43,REABASTECER,43,2019-9-23,9,10703
10,34,Trianon-Masp,-23.5634,-46.6544,25,44438,65,19,15,NORMAL,43,2018-8-29,27,1679
39,7,Luz,-23.5365,-46.6332,36,125136,56,31,39,NORMAL,18,2018-3-16,65,10876
7,15,Fradique Coutinho,-23.5661,-46.6841,32,35232,17,86,17,NORMAL,10,2018-1-19,65,10099
36,24,Luz,-23.5365,-46.6332,3,127569,50,70,4,REABASTECER,10,2018-8-11,65,11021
7,20,Trianon-Masp,-23.5634,-46.6544,37,45080,29,24,43,NORMAL,31,2019-3-1,26,1861
9,11,Fradique Coutinho,-23.5661,-46.6841,36,35122,65,78,22,NORMAL,7,2018-5-14,44,10214
22,28,Luz,-23.5365,-46.6332,36,124281,28,49,25,NORMAL,33,2018-11-10,39,11110
12,39,Luz,-23.5365,-46.6332,29,127379,18,86,11,NORMAL,29,2018-11-23,12,11123
13,35,Luz,-23.5365,-46.6332,37,126965,30,61,7,NORMAL,24,2019-4-18,54,11268
43,43,Consolao,-23.5581,-46.6606,43,114228,65,86,43,NORMAL,43,2018-1-1,65,2161
8,39,Consolao,-23.5581,-46.6606,28,113155,10,3,21,REABASTECER,13,2018-1-18,65,2178
35,3,Consolao,-23.5581,-46.6606,7,113526,4,60,8,REABASTECER,13,2018-2-1,51,2191
36,43,Consolao,-23.5581,-46.6606,18,113499,58,35,17,NORMAL,8,2018-2-12,39,2202
30,10,Consolao,-23.5581,-46.6606,13,113766,48,71,26,NORMAL,43,2018-4-17,65,2267
30,7,Consolao,-23.5581,-46.6606,27,111880,11,70,31,NORMAL,3,2018-7-14,12,2354
30,14,Fradique Coutinho,-23.5661,-46.6841,37,34116,60,55,24,NORMAL,32,2019-12-17,27,10787
34,40,Luz,-23.5365,-46.6332,13,124244,46,53,31,NORMAL,12,2018-2-27,60,10857
29,34,Luz,-23.5365,-46.6332,8,126658,40,40,25,NORMAL,9,2018-2-28,54,10858
10,6,Luz,-23.5365,-46.6332,30,124679,28,35,24,REABASTECER,37,2018-4-2,27,10892
8,32,Ana Rosa,-23.5813,-46.6383,24,66542,42,12,43,NORMAL,3,2019-1-7,27,11887
24,38,Consolao,-23.5581,-46.6606,24,114945,55,18,21,NORMAL,39,2019-10-13,7,2803
3,43,Luz,-23.5365,-46.6332,36,127407,42,11,29,NORMAL,20,2018-12-18,27,11148
39,39,Ana Rosa,-23.5813,-46.6383,36,63914,62,50,37,NORMAL,18,2019-5-27,47,12027
28,40,Ana Rosa,-23.5813,-46.6383,43,64862,65,63,22,NORMAL,43,2019-6-22,65,12052
38,40,Ana Rosa,-23.5813,-46.6383,24,65140,30,67,43,NORMAL,13,2019-7-10,65,12070
39,43,Ana Rosa,-23.5813,-46.6383,30,66691,57,67,19,REABASTECER,8,2019-9-5,8,12125
8,21,Tamanduate,-23.59290,-46.5897,36,53128,48,77,28,REABASTECER,25,2018-2-18,7,2928
4,20,Luz,-23.5365,-46.6332,22,126727,9,58,39,REABASTECER,10,2019-4-10,39,11260
9,17,Luz,-23.5365,-46.6332,43,126265,27,86,33,NORMAL,26,2019-5-11,29,11291
35,43,Luz,-23.5365,-46.6332,18,126181,17,59,11,NORMAL,9,2019-7-18,57,11358
38,39,Luz,-23.5365,-46.6332,13,125201,62,33,23,NORMAL,22,2019-8-17,48,11387
1,22,Luz,-23.5365,-46.6332,14,124826,8,79,27,REABASTECER,31,2019-10-5,43,11435
24,9,Tamanduate,-23.59290,-46.5897,15,49559,56,28,20,REABASTECER,12,2018-12-24,9,3234
19,42,Ana Rosa,-23.5813,-46.6383,37,66195,20,68,38,NORMAL,16,2018-2-28,61,11578
35,40,Tamanduate,-23.59290,-46.5897,13,50572,18,64,33,NORMAL,39,2019-2-4,52,3274
19,14,So Joaquim,-23.5618,-46.6389,21,34753,10,17,32,NORMAL,34,2019-1-4,26,12604
9,8,So Joaquim,-23.5618,-46.6389,8,36331,60,75,22,NORMAL,20,2019-1-7,4,12607
5,26,Tamanduate,-23.59290,-46.5897,36,53306,13,74,29,REABASTECER,43,2019-6-21,4,3411
10,31,So Joaquim,-23.5618,-46.6389,21,33122,65,33,34,NORMAL,23,2019-1-29,56,12629
4,25,So Joaquim,-23.5618,-46.6389,15,35901,49,15,25,REABASTECER,15,2019-2-1,37,12631
39,31,So Joaquim,-23.5618,-46.6389,23,33682,52,43,37,NORMAL,43,2019-6-21,14,12771
26,15,Ana Rosa,-23.5813,-46.6383,21,65161,61,4,26,REABASTECER,25,2019-1-24,37,11904
1,33,So Joaquim,-23.5618,-46.6389,27,35849,14,23,20,REABASTECER,21,2019-7-19,9,12799
12,22,Ana Rosa,-23.5813,-46.6383,17,64287,1,62,5,REABASTECER,26,2019-7-27,17,12087
21,17,So Judas,-23.6255,-46.6411,9,17277,22,38,14,NORMAL,35,2018-3-17,20,13037
17,30,S,-23.55,-46.6333,33,193455,17,63,40,NORMAL,41,2018-9-2,16,3842
19,43,So Judas,-23.6255,-46.6411,41,15781,65,44,14,NORMAL,43,2018-5-21,38,13101
43,27,So Judas,-23.6255,-46.6411,26,16045,40,78,37,NORMAL,23,2018-5-26,65,13106
24,43,So Joaquim,-23.5618,-46.6389,26,35005,27,18,39,NORMAL,32,2018-3-20,24,12320
10,18,So Judas,-23.6255,-46.6411,10,14684,14,47,7,NORMAL,14,2019-1-3,60,13323
11,37,So Joaquim,-23.5618,-46.6389,36,32970,62,71,8,NORMAL,39,2018-8-21,6,12471
8,21,S,-23.55,-46.6333,21,192629,60,41,16,NORMAL,18,2019-7-19,65,4159
32,32,So Judas,-23.6255,-46.6411,11,14112,65,79,36,NORMAL,43,2019-8-1,50,13531
30,16,So Joaquim,-23.5618,-46.6389,18,35892,55,86,43,NORMAL,22,2019-2-29,33,12659
2,14,So Judas,-23.6255,-46.6411,16,13980,30,65,16,REABASTECER,8,2019-8-29,41,13559
29,21,Vila Mariana,-23.5895,-46.6346,19,23869,44,62,11,NORMAL,26,2018-2-9,65,13719
26,29,Vila Mariana,-23.5895,-46.6346,23,24470,39,53,15,NORMAL,38,2018-2-19,59,13729
16,43,Vila Mariana,-23.5895,-46.6346,8,22921,39,73,32,NORMAL,15,2018-4-20,25,13790
24,24,Vila Mariana,-23.5895,-46.6346,30,24775,55,56,34,NORMAL,22,2018-5-10,14,13810
8,15,Brs,-23.5451,-46.6162,10,70694,9,74,18,REABASTECER,29,2018-10-5,65,4595
36,30,So Judas,-23.6255,-46.6411,41,16614,58,10,15,REABASTECER,43,2018-7-26,33,13166
34,12,Vila Mariana,-23.5895,-46.6346,37,21328,46,64,28,NORMAL,39,2019-4-17,25,14147
33,40,Vila Mariana,-23.5895,-46.6346,32,23600,35,9,27,NORMAL,35,2019-5-9,49,14169
27,27,Vila Mariana,-23.5895,-46.6346,27,22425,9,18,33,REABASTECER,37,2019-8-17,19,14267
23,21,So Judas,-23.6255,-46.6411,32,16154,58,86,7,NORMAL,43,2019-3-10,65,13390
18,38,Brs,-23.5451,-46.6162,35,74474,24,31,18,NORMAL,35,2019-12-16,5,5026
18,5,Vila Mariana,-23.5895,-46.6346,40,23667,49,15,21,REABASTECER,23,2019-12-1,52,14371
37,7,So Judas,-23.6255,-46.6411,26,15363,55,64,33,NORMAL,43,2019-6-28,58,13498
43,32,Barra Funda,-23.5542,-46.6707,14,150493,15,36,36,NORMAL,33,2018-6-12,55,5202
26,42,So Judas,-23.6255,-46.6411,35,14370,59,44,21,NORMAL,32,2019-11-19,3,13639
40,35,Barra Funda,-23.5542,-46.6707,21,150341,14,58,32,NORMAL,16,2018-9-8,41,5288
12,18,Vila Mariana,-23.5895,-46.6346,34,22300,65,37,43,NORMAL,10,2018-3-27,55,13767
43,5,Brooklin,-23.6263,-46.6878,40,30032,10,69,11,REABASTECER,24,2019-2-13,22,14803
16,38,Vila Mariana,-23.5895,-46.6346,32,21156,65,8,30,NORMAL,15,2018-11-1,45,13981
29,7,Barra Funda,-23.5542,-46.6707,4,147929,52,47,27,REABASTECER,20,2019-12-21,57,5751
8,40,Brooklin,-23.6263,-46.6878,34,29766,31,30,9,NORMAL,29,2019-10-14,19,15044
24,38,Tatuap,-23.5402,-46.5765,36,67931,6,3,34,NORMAL,37,2018-3-27,39,5847
21,22,Tatuap,-23.5402,-46.5765,20,69422,60,20,27,NORMAL,17,2018-9-7,25,6007
27,43,Tatuap,-23.5402,-46.5765,9,69821,3,3,5,REABASTECER,22,2018-10-7,65,6037
17,23,Brooklin,-23.6263,-46.6878,17,27069,10,13,24,NORMAL,25,2018-1-18,65,14418
24,21,Campo Belo,-23.6188,-46.6823,12,24250,14,73,21,NORMAL,29,2018-8-3,34,15333
43,24,Tatuap,-23.5402,-46.5765,19,69098,32,57,41,NORMAL,6,2019-6-23,7,6293
13,17,Tatuap,-23.5402,-46.5765,13,67857,58,33,7,NORMAL,30,2019-7-22,60,6322
20,43,Campo Belo,-23.6188,-46.6823,38,24144,65,78,30,NORMAL,41,2019-7-22,28,15682
6,34,Brooklin,-23.6263,-46.6878,17,29391,65,86,6,REABASTECER,25,2019-2-3,26,14793
13,29,Brooklin,-23.6263,-46.6878,19,28666,61,1,40,NORMAL,20,2019-4-21,46,14871
25,36,Campo Belo,-23.6188,-46.6823,14,26733,27,47,43,NORMAL,15,2019-10-26,35,15776
32,28,Brooklin,-23.6263,-46.6878,21,27004,20,73,33,NORMAL,6,2019-7-3,27,14943
26,38,Eucaliptos,-23.61,-46.6686,30,23202,48,62,27,NORMAL,30,2018-2-27,21,15897
23,18,Brooklin,-23.6263,-46.6878,22,26556,57,53,27,NORMAL,43,2019-10-20,45,15050
17,14,Campo Belo,-23.6188,-46.6823,6,24166,40,77,24,NORMAL,25,2018-1-28,24,15148
3,16,Repblica,-23.5436,-46.6434,36,107721,15,22,3,REABASTECER,19,2018-10-29,60,6779
10,43,Repblica,-23.5436,-46.6434,31,107253,65,86,12,NORMAL,27,2019-1-21,17,6861
22,34,Eucaliptos,-23.61,-46.6686,37,23170,65,44,27,NORMAL,11,2018-10-21,34,16131
26,41,Eucaliptos,-23.61,-46.6686,26,23757,56,14,31,NORMAL,37,2018-12-1,40,16171
19,34,Eucaliptos,-23.61,-46.6686,7,22086,28,55,27,NORMAL,43,2019-1-27,43,16227
6,36,Campo Belo,-23.6188,-46.6823,20,26257,10,11,32,REABASTECER,41,2018-11-7,26,15427
8,5,Repblica,-23.5436,-46.6434,38,108807,22,51,22,REABASTECER,25,2019-9-2,56,7082
43,43,Repblica,-23.5436,-46.6434,18,110578,65,79,8,NORMAL,8,2019-9-26,24,7106
31,39,Eucaliptos,-23.61,-46.6686,21,24724,45,48,25,NORMAL,31,2019-9-19,11,16459
12,16,Higienpolis-Mackenzie,-23.5488,-46.6519,22,90272,28,12,14,NORMAL,27,2018-4-22,40,7312
30,13,Campo Belo,-23.6188,-46.6823,43,24780,16,69,43,NORMAL,3,2019-10-5,60,15755
5,15,Moema,-23.5489,-46.6388,1,19174,53,79,13,REABASTECER,15,2018-6-28,49,16738
39,42,Eucaliptos,-23.61,-46.6686,37,22052,60,76,41,NORMAL,41,2018-1-2,61,15842
16,24,Eucaliptos,-23.61,-46.6686,18,21842,36,17,18,NORMAL,25,2018-1-17,25,15857
10,25,Moema,-23.5489,-46.6388,20,18715,46,49,29,NORMAL,18,2018-7-27,60,16767
20,20,Higienpolis-Mackenzie,-23.5488,-46.6519,32,91646,57,28,33,NORMAL,11,2018-12-17,39,7547
43,30,Hospital So Paulo,-23.5984,-46.6455,15,24909,34,77,35,NORMAL,39,2019-10-23,56,16949
6,9,Hospital So Paulo,-23.5984,-46.6455,15,24337,50,86,38,REABASTECER,26,2019-12-5,34,16991
37,19,Eucaliptos,-23.61,-46.6686,22,25129,26,77,4,REABASTECER,31,2018-10-27,60,16137
39,6,Eucaliptos,-23.61,-46.6686,25,24733,50,76,43,REABASTECER,8,2019-2-4,60,16234
6,34,Paraso,-23.57677,-46.63933,26,70101,55,56,26,REABASTECER,20,2018-6-13,42,163
13,28,Eucaliptos,-23.61,-46.6686,7,24556,56,12,37,NORMAL,32,2019-3-24,46,16284
39,20,Eucaliptos,-23.61,-46.6686,43,24369,33,42,26,NORMAL,12,2019-4-8,20,16298
39,34,Paraso,-23.57677,-46.63933,2,74046,42,1,26,REABASTECER,17,2018-8-19,55,229
43,15,Paraso,-23.57677,-46.63933,38,70267,4,29,21,NORMAL,11,2018-11-3,11,303
18,37,Eucaliptos,-23.61,-46.6686,24,23236,30,7,6,NORMAL,27,2019-10-2,65,16472
36,43,Eucaliptos,-23.61,-46.6686,40,23277,32,3,11,REABASTECER,31,2019-10-11,65,16481
14,30,Eucaliptos,-23.61,-46.6686,17,24349,30,10,43,NORMAL,30,2019-12-15,24,16545
38,21,Eucaliptos,-23.61,-46.6686,29,22180,13,52,37,NORMAL,16,2019-12-29,58,16559
23,17,Moema,-23.5489,-46.6388,36,18765,49,86,33,NORMAL,17,2018-10-11,41,16841
6,15,Faria Lima,-23.5675,-46.6929,43,51992,31,50,19,REABASTECER,18,2019-6-26,18,8456
34,15,Moema,-23.5489,-46.6388,28,19471,13,59,19,NORMAL,37,2018-11-10,41,16870
25,16,Hospital So Paulo,-23.5984,-46.6455,43,27206,65,22,13,NORMAL,19,2019-10-28,14,16954
26,33,Hospital So Paulo,-23.5984,-46.6455,37,25311,14,30,13,NORMAL,38,2019-12-11,58,16997
33,3,Brigadeiro,-23.5683,-46.6482,33,47850,22,53,43,NORMAL,26,2018-10-9,13,999
38,41,Paraso,-23.57677,-46.63933,16,74005,8,74,43,REABASTECER,27,2018-4-18,43,108
23,33,Paraso,-23.57677,-46.63933,8,70599,47,86,16,NORMAL,43,2018-5-4,49,124
36,43,Paraso,-23.57677,-46.63933,30,71509,55,11,28,NORMAL,13,2018-5-12,65,132
8,16,Paraso,-23.57677,-46.63933,4,71422,16,54,31,NORMAL,17,2018-11-1,28,301
14,14,Pinheiros,-23.5664,-46.703,36,79558,17,86,23,NORMAL,34,2019-1-1,40,9001
34,40,Paraso,-23.57677,-46.63933,9,70381,55,58,12,NORMAL,22,2019-3-16,23,436
17,33,Pinheiros,-23.5664,-46.703,31,79527,12,22,21,NORMAL,8,2019-3-18,40,9078
11,21,Brigadeiro,-23.5683,-46.6482,9,49803,46,3,11,REABASTECER,39,2019-11-15,50,1395
40,27,Brigadeiro,-23.5683,-46.6482,18,46725,62,6,2,NORMAL,43,2019-12-29,10,1439
15,28,Pinheiros,-23.5664,-46.703,8,79352,48,13,14,NORMAL,9,2019-8-10,15,9220
27,19,Butant,-23.5844,-46.7252,22,66337,40,32,16,REABASTECER,31,2018-4-23,2,9473
39,18,Trianon-Masp,-23.5634,-46.6544,22,44284,9,51,24,NORMAL,11,2019-3-16,60,1876
32,8,Butant,-23.5844,-46.7252,38,65523,60,12,21,NORMAL,31,2018-9-12,42,9612
15,28,Trianon-Masp,-23.5634,-46.6544,12,42286,48,60,27,NORMAL,34,2019-6-7,11,1957
22,39,Butant,-23.5844,-46.7252,19,66756,2,29,33,REABASTECER,32,2018-10-15,65,9645
15,17,Trianon-Masp,-23.5634,-46.6544,17,44348,18,52,26,NORMAL,20,2019-8-1,36,2011
24,43,Butant,-23.5844,-46.7252,31,67221,47,65,12,NORMAL,10,2019-2-6,9,9756
27,11,Butant,-23.5844,-46.7252,30,66650,49,46,5,REABASTECER,43,2019-2-18,65,9768
22,31,Brigadeiro,-23.5683,-46.6482,43,49720,65,59,38,NORMAL,31,2019-9-17,16,1337
32,36,Butant,-23.5844,-46.7252,32,64057,65,35,18,NORMAL,43,2019-8-28,43,9958
27,11,Butant,-23.5844,-46.7252,27,65531,65,42,4,REABASTECER,11,2019-10-2,10,9992
43,8,Consolao,-23.5581,-46.6606,30,114755,39,61,40,NORMAL,24,2018-8-3,23,2373
16,6,Butant,-23.5844,-46.7252,36,67171,22,15,32,REABASTECER,22,2019-12-27,21,10077
43,9,Trianon-Masp,-23.5634,-46.6544,12,45513,25,63,18,NORMAL,27,2018-2-9,65,1479
12,23,Fradique Coutinho,-23.5661,-46.6841,20,33275,58,66,11,NORMAL,43,2018-5-6,42,10206
39,40,Consolao,-23.5581,-46.6606,32,112507,49,57,13,REABASTECER,6,2019-3-26,20,2606
39,23,Trianon-Masp,-23.5634,-46.6544,15,43768,50,73,5,REABASTECER,33,2018-9-2,4,1682
29,13,Fradique Coutinho,-23.5661,-46.6841,37,34106,63,3,11,NORMAL,7,2018-8-21,55,10311
23,26,Fradique Coutinho,-23.5661,-46.6841,43,35340,17,20,22,NORMAL,38,2018-11-28,11,10408
27,19,Trianon-Masp,-23.5634,-46.6544,10,45603,4,19,41,REABASTECER,39,2019-5-23,55,1943
27,37,Trianon-Masp,-23.5634,-46.6544,27,42773,40,42,38,NORMAL,30,2019-6-26,14,1976
22,41,Fradique Coutinho,-23.5661,-46.6841,15,36399,65,16,41,NORMAL,25,2019-5-29,37,10589
30,33,Fradique Coutinho,-23.5661,-46.6841,38,33897,27,79,43,NORMAL,28,2019-6-19,33,10609
9,20,Trianon-Masp,-23.5634,-46.6544,31,43035,24,21,17,NORMAL,16,2019-8-12,30,2022
29,13,Trianon-Masp,-23.5634,-46.6544,40,42380,13,74,25,NORMAL,29,2019-9-30,14,2070
38,35,Tamanduate,-23.59290,-46.5897,17,51432,16,28,19,NORMAL,24,2018-9-16,57,3136
30,15,Tamanduate,-23.59290,-46.5897,14,50449,28,30,22,NORMAL,25,2018-10-29,23,3179
18,7,Tamanduate,-23.59290,-46.5897,21,50839,6,61,25,REABASTECER,19,2019-1-17,33,3257
2,30,Consolao,-23.5581,-46.6606,16,111819,40,86,3,NORMAL,22,2018-7-21,34,2361
8,43,Luz,-23.5365,-46.6332,20,127754,45,4,7,NORMAL,20,2018-9-21,37,11061
5,43,Luz,-23.5365,-46.6332,16,124899,53,15,6,REABASTECER,14,2018-11-4,17,11104
38,28,Luz,-23.5365,-46.6332,26,124428,45,11,25,REABASTECER,14,2018-12-9,29,11139
33,25,Tamanduate,-23.59290,-46.5897,5,51138,34,86,43,NORMAL,20,2019-9-11,31,3491
25,41,Consolao,-23.5581,-46.6606,30,112198,37,19,40,NORMAL,38,2019-4-9,51,2619
12,21,Tamanduate,-23.59290,-46.5897,18,51736,33,61,43,NORMAL,20,2019-11-23,46,3563
40,38,Luz,-23.5365,-46.6332,24,125875,47,54,33,NORMAL,43,2019-3-21,37,11241
33,11,Luz,-23.5365,-46.6332,13,125065,58,30,25,NORMAL,43,2019-4-13,14,11263
43,26,Consolao,-23.5581,-46.6606,38,113518,6,86,43,REABASTECER,23,2019-7-16,22,2716
20,5,Luz,-23.5365,-46.6332,18,127131,63,72,8,REABASTECER,34,2019-6-20,36,11330
7,8,S,-23.55,-46.6333,6,191738,15,56,4,REABASTECER,9,2018-6-14,2,3764
43,36,Ana Rosa,-23.5813,-46.6383,30,65877,56,15,18,NORMAL,39,2018-3-3,32,11583
3,28,Tamanduate,-23.59290,-46.5897,26,52678,61,57,20,REABASTECER,21,2018-4-24,14,2994
40,42,Ana Rosa,-23.5813,-46.6383,18,64804,48,4,17,REABASTECER,4,2018-5-30,24,11670
41,27,Tamanduate,-23.59290,-46.5897,26,49777,16,68,35,NORMAL,31,2018-12-20,44,3230
11,9,Tamanduate,-23.59290,-46.5897,36,50110,44,73,9,REABASTECER,18,2019-2-11,9,3281
26,13,S,-23.55,-46.6333,26,191804,65,22,41,NORMAL,20,2019-11-8,28,4268
10,9,Tamanduate,-23.59290,-46.5897,40,52598,17,22,8,REABASTECER,22,2019-4-16,4,3346
3,12,Tamanduate,-23.59290,-46.5897,3,49471,19,53,21,REABASTECER,8,2019-5-18,41,3378
21,39,Paraso,-23.57677,-46.63933,36,70577,32,70,38,NORMAL,16,2019-11-30,18,690
19,29,Fradique Coutinho,-23.5661,-46.6841,40,33547,16,52,23,NORMAL,13,2018-4-2,25,10172
27,6,Brigadeiro,-23.5683,-46.6482,5,46376,54,8,5,REABASTECER,32,2018-3-29,29,809
11,23,Brigadeiro,-23.5683,-46.6482,9,49538,41,8,25,REABASTECER,43,2018-4-25,20,835
32,4,Brigadeiro,-23.5683,-46.6482,25,48369,63,75,5,NORMAL,41,2018-7-16,38,916
24,42,Fradique Coutinho,-23.5661,-46.6841,18,33953,65,74,17,NORMAL,9,2018-9-12,36,10332
21,8,Ana Rosa,-23.5813,-46.6383,36,66197,44,20,38,NORMAL,32,2018-6-26,47,11696
22,2,Consolao,-23.5581,-46.6606,32,113429,60,62,13,NORMAL,2,2018-8-30,36,2400
37,27,Ana Rosa,-23.5813,-46.6383,27,66846,23,86,14,NORMAL,43,2018-10-19,34,11809
41,16,Consolao,-23.5581,-46.6606,36,114746,59,48,38,NORMAL,26,2018-11-11,12,2471
16,8,Ana Rosa,-23.5813,-46.6383,43,64404,20,86,12,NORMAL,37,2019-5-23,11,12023
16,33,Tamanduate,-23.59290,-46.5897,19,49694,20,44,11,NORMAL,9,2018-11-25,22,3205
15,7,Consolao,-23.5581,-46.6606,9,112132,29,9,15,REABASTECER,37,2019-7-23,39,2723
27,12,Tamanduate,-23.59290,-46.5897,43,51636,41,8,34,NORMAL,24,2018-7-26,35,3086
43,18,So Joaquim,-23.5618,-46.6389,12,36483,3,11,14,REABASTECER,25,2018-10-25,25,12535
17,26,Tamanduate,-23.59290,-46.5897,15,51611,54,53,23,NORMAL,29,2019-2-30,19,3300
26,38,So Joaquim,-23.5618,-46.6389,30,33730,21,28,13,NORMAL,23,2019-4-9,65,12699
26,43,S,-23.55,-46.6333,34,194575,39,44,8,NORMAL,10,2018-11-7,11,3907
33,15,Tamanduate,-23.59290,-46.5897,28,52832,57,38,14,NORMAL,29,2019-6-25,43,3415
11,36,So Joaquim,-23.5618,-46.6389,34,34996,6,78,9,REABASTECER,18,2019-6-17,45,12767
26,33,S,-23.55,-46.6333,30,191606,35,65,12,NORMAL,16,2018-12-22,27,3952
22,34,So Joaquim,-23.5618,-46.6389,36,34042,42,13,28,NORMAL,35,2019-10-29,57,12899
6,39,S,-23.55,-46.6333,30,193382,28,67,12,NORMAL,15,2019-6-29,19,4139
32,30,S,-23.55,-46.6333,33,193419,36,56,2,REABASTECER,17,2018-8-17,65,3827
34,43,So Judas,-23.6255,-46.6411,22,14425,65,28,17,REABASTECER,35,2018-8-18,9,13188
16,43,So Judas,-23.6255,-46.6411,33,16501,25,17,25,NORMAL,26,2018-9-26,10,13226
21,17,So Judas,-23.6255,-46.6411,43,15725,21,86,27,NORMAL,31,2018-12-19,28,13309
6,38,So Judas,-23.6255,-46.6411,31,16155,12,65,12,NORMAL,10,2019-2-16,36,13366
43,43,S,-23.55,-46.6333,28,193184,22,77,5,NORMAL,22,2019-5-7,6,4087
43,5,Brs,-23.5451,-46.6162,5,72974,58,51,8,NORMAL,18,2018-10-7,48,4597
37,23,So Judas,-23.6255,-46.6411,18,13839,13,64,20,NORMAL,38,2019-4-9,55,13419
30,9,Brs,-23.5451,-46.6162,43,73199,65,5,40,NORMAL,5,2018-12-22,59,4672
6,40,S,-23.55,-46.6333,35,194923,65,29,15,NORMAL,23,2019-8-9,65,4179
10,8,So Judas,-23.6255,-46.6411,33,14026,21,38,7,NORMAL,19,2019-7-26,21,13526
31,12,So Judas,-23.6255,-46.6411,35,13748,4,28,35,NORMAL,27,2019-10-16,32,13606
22,24,Vila Mariana,-23.5895,-46.6346,11,22635,27,36,5,REABASTECER,29,2018-2-21,44,13731
15,5,Vila Mariana,-23.5895,-46.6346,21,23793,51,49,29,NORMAL,15,2018-5-1,10,13801
32,10,Vila Mariana,-23.5895,-46.6346,14,22896,26,86,17,NORMAL,37,2018-12-9,37,14019
19,15,Brs,-23.5451,-46.6162,11,73541,50,75,27,NORMAL,26,2019-7-5,40,4865
14,19,Barra Funda,-23.5542,-46.6707,25,146745,23,22,15,NORMAL,17,2018-1-8,25,5048
6,39,Vila Mariana,-23.5895,-46.6346,41,22928,4,21,31,REABASTECER,43,2019-11-4,35,14344
2,11,Barra Funda,-23.5542,-46.6707,13,149689,40,68,16,REABASTECER,2,2018-3-12,34,5112
28,37,Barra Funda,-23.5542,-46.6707,15,147141,51,45,18,NORMAL,43,2019-9-1,56,5641
8,42,Barra Funda,-23.5542,-46.6707,33,148828,34,39,25,NORMAL,19,2019-9-29,0,5669
4,6,Barra Funda,-23.5542,-46.6707,2,150509,4,79,28,REABASTECER,32,2018-7-5,11,5225
16,13,Barra Funda,-23.5542,-46.6707,4,147213,65,86,16,REABASTECER,6,2018-8-1,30,5251
22,11,Barra Funda,-23.5542,-46.6707,43,148730,57,32,16,NORMAL,39,2018-9-2,25,5282
34,3,Barra Funda,-23.5542,-46.6707,34,150277,60,58,41,NORMAL,28,2019-1-15,49,5415
22,5,Brooklin,-23.6263,-46.6878,7,26358,65,77,15,REABASTECER,37,2018-11-15,40,14715
9,11,Barra Funda,-23.5542,-46.6707,25,148898,22,19,5,REABASTECER,29,2019-8-25,28,5635
22,7,Tatuap,-23.5402,-46.5765,9,67640,57,86,16,NORMAL,29,2019-6-29,31,6299
24,19,Tatuap,-23.5402,-46.5765,15,68507,11,86,19,NORMAL,38,2019-7-9,28,6309
43,9,Tatuap,-23.5402,-46.5765,19,68837,5,57,13,REABASTECER,43,2018-1-30,53,5790
23,12,Tatuap,-23.5402,-46.5765,34,70132,50,3,28,REABASTECER,21,2019-10-27,20,6417
28,19,Tatuap,-23.5402,-46.5765,28,70071,63,86,41,NORMAL,7,2019-11-25,15,6445
21,22,Tatuap,-23.5402,-46.5765,20,69422,60,20,27,NORMAL,17,2018-9-7,25,6007
40,4,Tatuap,-23.5402,-46.5765,38,67323,26,50,8,REABASTECER,35,2018-9-13,56,6013
33,23,Tatuap,-23.5402,-46.5765,24,68867,11,7,12,REABASTECER,29,2018-10-16,65,6046
31,4,Tatuap,-23.5402,-46.5765,37,70396,31,50,37,REABASTECER,31,2019-1-1,3,6121
35,43,Tatuap,-23.5402,-46.5765,10,68842,25,33,27,NORMAL,14,2019-3-19,11,6199
28,12,Campo Belo,-23.6188,-46.6823,34,24676,9,56,23,REABASTECER,7,2019-1-26,59,15506
39,9,Repblica,-23.5436,-46.6434,29,107941,65,60,22,NORMAL,12,2019-5-10,45,6970
37,15,Repblica,-23.5436,-46.6434,10,107712,13,24,20,NORMAL,9,2019-6-1,29,6991
37,39,Repblica,-23.5436,-46.6434,22,108345,9,59,3,REABASTECER,43,2019-10-8,11,7118
32,15,Higienpolis-Mackenzie,-23.5488,-46.6519,20,92111,11,47,6,NORMAL,16,2018-5-5,8,7325
19,6,Eucaliptos,-23.61,-46.6686,16,24979,53,67,30,REABASTECER,40,2018-10-2,24,16112
22,12,Eucaliptos,-23.61,-46.6686,27,24011,65,47,26,NORMAL,43,2018-10-12,26,16122
13,27,Eucaliptos,-23.61,-46.6686,43,22258,30,24,1,NORMAL,32,2019-5-6,11,16326
3,22,Eucaliptos,-23.61,-46.6686,36,24731,14,37,11,REABASTECER,1,2019-8-23,55,16433
34,13,Eucaliptos,-23.61,-46.6686,25,22652,65,8,43,REABASTECER,37,2019-8-26,33,16436
43,30,Eucaliptos,-23.61,-46.6686,28,22719,51,46,43,NORMAL,33,2019-11-14,46,16514
24,8,Moema,-23.5489,-46.6388,36,17653,52,75,28,NORMAL,29,2018-2-17,65,16607
25,18,Moema,-23.5489,-46.6388,9,20660,18,33,43,NORMAL,43,2018-3-26,32,16646
6,39,Higienpolis-Mackenzie,-23.5488,-46.6519,12,89828,65,63,9,NORMAL,8,2018-10-27,55,7497
43,43,Higienpolis-Mackenzie,-23.5488,-46.6519,9,92051,34,86,15,REABASTECER,37,2018-12-11,7,7541
2,28,Faria Lima,-23.5675,-46.6929,18,51698,62,32,5,REABASTECER,19,2018-5-30,65,8070
10,19,Higienpolis-Mackenzie,-23.5488,-46.6519,3,90779,52,86,30,REABASTECER,31,2019-2-12,54,7602
37,43,Higienpolis-Mackenzie,-23.5488,-46.6519,28,89985,23,49,16,NORMAL,12,2019-2-16,21,7606
37,10,Higienpolis-Mackenzie,-23.5488,-46.6519,33,91622,15,49,21,NORMAL,17,2019-2-26,23,7616
31,5,Faria Lima,-23.5675,-46.6929,11,54237,47,17,43,NORMAL,17,2018-9-28,30,8188
7,35,Hospital So Paulo,-23.5984,-46.6455,39,26227,12,26,5,REABASTECER,40,2019-8-28,26,16894
22,17,Higienpolis-Mackenzie,-23.5488,-46.6519,43,91782,65,57,8,NORMAL,15,2019-6-10,34,7720
23,13,Higienpolis-Mackenzie,-23.5488,-46.6519,38,90504,14,26,25,NORMAL,21,2019-7-9,24,7749
21,22,Faria Lima,-23.5675,-46.6929,35,53621,40,86,43,REABASTECER,4,2019-1-18,42,8298
5,21,Hospital So Paulo,-23.5984,-46.6455,33,26236,52,43,35,REABASTECER,18,2019-12-27,17,17013
29,18,Higienpolis-Mackenzie,-23.5488,-46.6519,15,92749,19,44,2,NORMAL,37,2019-12-7,20,7897
15,24,Faria Lima,-23.5675,-46.6929,21,53597,26,19,15,NORMAL,12,2018-1-8,13,7928
30,36,Paraso,-23.57677,-46.63933,37,71099,19,38,43,NORMAL,6,2018-7-10,57,190
30,21,Faria Lima,-23.5675,-46.6929,17,52997,53,40,26,NORMAL,12,2019-12-3,8,8613
41,18,Faria Lima,-23.5675,-46.6929,6,54035,65,39,43,REABASTECER,15,2018-7-15,14,8115
29,33,Faria Lima,-23.5675,-46.6929,31,53996,4,86,43,NORMAL,43,2018-8-7,57,8137
28,9,Pinheiros,-23.5664,-46.703,35,78237,55,75,18,REABASTECER,4,2018-2-15,30,8685
38,32,Pinheiros,-23.5664,-46.703,34,77821,56,51,19,NORMAL,31,2018-6-23,65,8813
3,20,Pinheiros,-23.5664,-46.703,14,77022,13,86,22,NORMAL,7,2018-7-24,3,8844
20,25,Paraso,-23.57677,-46.63933,34,73522,48,38,43,NORMAL,23,2019-5-30,38,510
24,29,Pinheiros,-23.5664,-46.703,43,78254,65,43,34,NORMAL,27,2018-10-7,44,8917
4,23,Faria Lima,-23.5675,-46.6929,37,52771,65,50,23,REABASTECER,18,2019-5-12,17,8412
35,12,Pinheiros,-23.5664,-46.703,25,77596,28,67,32,NORMAL,8,2019-1-19,56,9019
12,43,Faria Lima,-23.5675,-46.6929,32,51105,31,29,6,NORMAL,29,2019-8-22,32,8512
34,34,Paraso,-23.57677,-46.63933,29,73324,49,28,8,NORMAL,16,2019-12-30,5,720
30,9,Pinheiros,-23.5664,-46.703,25,79746,13,68,35,NORMAL,24,2019-8-5,52,9215
40,9,Brigadeiro,-23.5683,-46.6482,35,47913,15,65,43,NORMAL,6,2018-6-2,31,872
6,40,Pinheiros,-23.5664,-46.703,32,79533,12,29,3,REABASTECER,24,2019-9-26,23,9266
38,16,Pinheiros,-23.5664,-46.703,43,76468,28,76,31,NORMAL,9,2018-4-26,53,8756
29,6,Pinheiros,-23.5664,-46.703,16,77621,54,9,5,REABASTECER,29,2018-8-9,37,8859
11,15,Butant,-23.5844,-46.7252,18,65221,26,58,9,NORMAL,29,2018-3-23,20,9443
43,9,Brigadeiro,-23.5683,-46.6482,43,49650,22,77,36,NORMAL,14,2019-2-3,60,1113
19,10,Brigadeiro,-23.5683,-46.6482,2,49749,59,42,16,NORMAL,21,2019-5-5,10,1205
43,2,Brigadeiro,-23.5683,-46.6482,10,48850,18,55,32,REABASTECER,43,2019-6-1,13,1231
17,30,Brigadeiro,-23.5683,-46.6482,29,47422,46,86,4,NORMAL,12,2019-6-7,37,1237
33,21,Pinheiros,-23.5664,-46.703,15,77268,65,77,34,NORMAL,23,2019-4-18,10,9108
20,7,Brigadeiro,-23.5683,-46.6482,40,46939,6,66,13,REABASTECER,11,2019-8-11,51,1301
27,10,Butant,-23.5844,-46.7252,16,67231,62,23,16,NORMAL,16,2019-5-22,60,9862
38,39,Trianon-Masp,-23.5634,-46.6544,6,44470,25,28,23,REABASTECER,12,2018-3-27,61,1527
14,4,Butant,-23.5844,-46.7252,28,64264,32,19,37,NORMAL,25,2019-8-12,22,9942
3,29,Butant,-23.5844,-46.7252,21,64140,28,73,32,NORMAL,32,2019-10-8,38,9998
33,28,Fradique Coutinho,-23.5661,-46.6841,36,33918,45,60,33,NORMAL,30,2018-1-4,47,10084
27,10,Butant,-23.5844,-46.7252,39,65752,28,21,1,REABASTECER,21,2018-8-13,12,9583
9,11,Fradique Coutinho,-23.5661,-46.6841,36,35122,65,78,22,NORMAL,7,2018-5-14,44,10214
14,20,Trianon-Masp,-23.5634,-46.6544,28,42671,53,65,14,NORMAL,43,2019-2-18,55,1848
43,37,Trianon-Masp,-23.5634,-46.6544,33,44552,12,20,19,NORMAL,12,2019-4-7,65,1897
38,16,Fradique Coutinho,-23.5661,-46.6841,22,36842,65,61,11,NORMAL,14,2018-7-28,15,10288
6,24,Butant,-23.5844,-46.7252,43,64240,28,86,40,REABASTECER,18,2019-4-27,57,9837
33,14,Fradique Coutinho,-23.5661,-46.6841,25,35960,40,53,10,NORMAL,27,2018-2-27,65,10137
43,6,Fradique Coutinho,-23.5661,-46.6841,10,34614,52,67,17,REABASTECER,5,2018-3-14,3,10154
22,16,Fradique Coutinho,-23.5661,-46.6841,41,34372,58,26,16,NORMAL,24,2019-11-15,27,10755
15,22,Fradique Coutinho,-23.5661,-46.6841,42,35386,45,24,9,NORMAL,19,2019-12-30,61,10800
21,23,Luz,-23.5365,-46.6332,30,124790,44,45,26,NORMAL,30,2018-5-13,65,10933
11,26,Fradique Coutinho,-23.5661,-46.6841,16,36116,22,36,18,NORMAL,11,2019-3-16,47,10516
8,23,Luz,-23.5365,-46.6332,30,126183,7,21,12,REABASTECER,19,2018-11-13,17,11113
22,8,Consolao,-23.5581,-46.6606,43,111627,44,21,16,NORMAL,43,2019-11-15,55,2835
27,20,Tamanduate,-23.59290,-46.5897,3,50789,61,48,2,NORMAL,43,2018-2-3,56,2913
37,43,Ana Rosa,-23.5813,-46.6383,41,63974,60,75,37,NORMAL,37,2018-1-2,55,11522
4,14,Ana Rosa,-23.5813,-46.6383,5,67156,56,7,22,REABASTECER,39,2018-3-13,13,11593
36,29,Ana Rosa,-23.5813,-46.6383,17,64310,43,18,10,NORMAL,14,2018-4-7,65,11617
26,43,Tamanduate,-23.59290,-46.5897,35,51088,28,55,25,NORMAL,17,2018-12-3,38,3213
29,21,Ana Rosa,-23.5813,-46.6383,7,67325,45,8,43,NORMAL,33,2018-7-6,42,11706
16,14,Ana Rosa,-23.5813,-46.6383,13,67646,37,32,38,NORMAL,28,2018-8-9,10,11739
14,26,Ana Rosa,-23.5813,-46.6383,23,64859,48,30,1,REABASTECER,38,2018-8-19,18,11749
28,12,Ana Rosa,-23.5813,-46.6383,31,66673,65,13,43,NORMAL,19,2018-11-4,61,11824
8,37,Tamanduate,-23.59290,-46.5897,21,49484,7,48,20,NORMAL,43,2019-9-6,7,3486
35,10,Tamanduate,-23.59290,-46.5897,21,51279,18,51,35,NORMAL,19,2019-10-2,11,3512
28,43,Ana Rosa,-23.5813,-46.6383,3,67277,55,27,20,REABASTECER,17,2019-2-28,21,11938
43,15,Tamanduate,-23.59290,-46.5897,11,50387,8,30,33,REABASTECER,12,2019-11-26,25,3566
16,33,Tamanduate,-23.59290,-46.5897,7,53271,35,30,4,REABASTECER,20,2019-12-14,31,3584
5,11,S,-23.55,-46.6333,37,193521,65,66,34,REABASTECER,5,2018-4-9,55,3699
2,33,Ana Rosa,-23.5813,-46.6383,10,63794,53,77,28,REABASTECER,18,2019-8-23,37,12113
6,29,Ana Rosa,-23.5813,-46.6383,21,64206,65,73,18,NORMAL,33,2018-3-23,21,11603
29,16,S,-23.55,-46.6333,21,193533,45,33,20,NORMAL,25,2018-5-28,46,3748
43,43,Ana Rosa,-23.5813,-46.6383,24,67636,57,14,19,NORMAL,8,2018-5-29,30,11669
40,24,So Joaquim,-23.5618,-46.6389,34,34945,60,37,16,NORMAL,41,2018-2-2,19,12272
8,39,S,-23.55,-46.6333,28,192282,41,6,43,NORMAL,5,2018-11-21,50,3921
22,18,S,-23.55,-46.6333,7,191496,59,19,11,REABASTECER,17,2018-11-29,5,3929
33,7,S,-23.55,-46.6333,19,192119,46,32,3,REABASTECER,19,2019-1-24,7,3984
16,17,S,-23.55,-46.6333,7,193698,53,86,31,REABASTECER,32,2019-4-1,9,4051
43,20,S,-23.55,-46.6333,5,195058,2,5,2,NORMAL,15,2019-4-17,37,4067
26,17,Ana Rosa,-23.5813,-46.6383,16,63921,56,27,26,NORMAL,24,2019-3-8,15,11948
31,42,So Joaquim,-23.5618,-46.6389,36,33114,41,86,39,NORMAL,8,2018-10-18,12,12528
38,14,So Joaquim,-23.5618,-46.6389,28,35147,65,30,9,NORMAL,3,2018-11-28,65,12568
27,7,So Joaquim,-23.5618,-46.6389,43,33777,31,86,16,NORMAL,39,2019-1-23,32,12623
7,19,Ana Rosa,-23.5813,-46.6383,13,67091,65,54,43,NORMAL,24,2019-7-28,12,12088
10,34,So Joaquim,-23.5618,-46.6389,23,34262,5,33,9,NORMAL,25,2019-5-25,14,12745
22,19,Brs,-23.5451,-46.6162,34,72887,6,39,10,REABASTECER,37,2018-2-18,65,4368
34,40,Brs,-23.5451,-46.6162,29,73607,30,30,43,NORMAL,43,2018-5-19,29,4459
24,15,So Joaquim,-23.5618,-46.6389,25,33934,8,1,29,REABASTECER,24,2018-5-5,65,12365
22,14,So Joaquim,-23.5618,-46.6389,43,32614,65,49,32,NORMAL,12,2018-5-17,47,12377
36,19,So Joaquim,-23.5618,-46.6389,34,32670,21,11,9,NORMAL,39,2019-12-15,65,12945
7,13,So Judas,-23.6255,-46.6411,29,14258,31,36,28,NORMAL,14,2018-6-19,30,13129
40,4,So Judas,-23.6255,-46.6411,26,14739,3,39,20,REABASTECER,38,2018-8-17,17,13187
39,29,Brs,-23.5451,-46.6162,30,73593,14,44,35,NORMAL,18,2019-3-24,24,4764
7,34,Brs,-23.5451,-46.6162,43,73601,61,86,21,NORMAL,22,2019-5-2,20,4802
13,14,So Judas,-23.6255,-46.6411,39,15598,7,69,20,REABASTECER,25,2018-12-21,14,13311
4,33,So Joaquim,-23.5618,-46.6389,29,33783,63,60,43,REABASTECER,12,2019-6-19,29,12769
18,6,So Joaquim,-23.5618,-46.6389,13,34691,47,42,32,NORMAL,28,2019-9-29,21,12869
9,35,So Judas,-23.6255,-46.6411,17,15466,32,54,36,NORMAL,43,2019-5-8,65,13448
31,36,Barra Funda,-23.5542,-46.6707,25,147739,35,21,43,REABASTECER,43,2018-4-5,6,5135
20,38,So Judas,-23.6255,-46.6411,37,16870,22,73,17,NORMAL,9,2018-5-9,53,13089
4,41,So Judas,-23.6255,-46.6411,36,15017,32,70,43,REABASTECER,12,2019-12-5,30,13655
16,43,So Judas,-23.6255,-46.6411,33,16501,25,17,25,NORMAL,26,2018-9-26,10,13226
34,37,So Judas,-23.6255,-46.6411,24,16356,45,4,43,NORMAL,8,2018-10-23,18,13253
28,22,So Judas,-23.6255,-46.6411,15,15134,51,43,37,NORMAL,43,2019-2-9,16,13359
43,18,Vila Mariana,-23.5895,-46.6346,17,24734,29,52,13,NORMAL,43,2018-9-23,47,13943
30,33,So Judas,-23.6255,-46.6411,43,14519,55,73,13,NORMAL,39,2019-3-20,65,13400
15,36,So Judas,-23.6255,-46.6411,38,15875,39,22,43,NORMAL,21,2019-4-4,16,13414
24,36,So Judas,-23.6255,-46.6411,10,14119,35,52,23,NORMAL,35,2019-6-20,55,13490
7,9,Vila Mariana,-23.5895,-46.6346,40,22308,47,53,36,NORMAL,15,2019-1-18,38,14058
23,10,So Judas,-23.6255,-46.6411,31,16251,57,13,24,NORMAL,19,2019-10-18,15,13608
10,31,Barra Funda,-23.5542,-46.6707,26,147552,40,32,9,NORMAL,7,2019-12-14,44,5744
5,13,Vila Mariana,-23.5895,-46.6346,18,21724,54,52,29,REABASTECER,35,2019-10-15,18,14325
13,33,Vila Mariana,-23.5895,-46.6346,38,24453,7,54,35,REABASTECER,43,2019-10-23,32,14333
14,30,Tatuap,-23.5402,-46.5765,29,71054,31,4,11,REABASTECER,5,2018-8-20,13,5990
37,40,Tatuap,-23.5402,-46.5765,32,70544,25,73,16,NORMAL,29,2018-10-27,59,6057
11,22,Brooklin,-23.6263,-46.6878,43,27992,6,55,10,REABASTECER,14,2018-5-19,45,14539
10,10,Vila Mariana,-23.5895,-46.6346,40,23384,10,58,43,NORMAL,8,2019-3-21,65,14121
12,27,Tatuap,-23.5402,-46.5765,40,70235,43,11,43,REABASTECER,6,2019-4-10,12,6220
14,41,Tatuap,-23.5402,-46.5765,43,70565,51,74,43,REABASTECER,6,2019-4-21,61,6231
9,40,Brooklin,-23.6263,-46.6878,20,27224,9,6,10,REABASTECER,29,2019-2-2,34,14792
11,23,Tatuap,-23.5402,-46.5765,7,70117,51,86,4,NORMAL,21,2019-8-5,29,6335
28,37,Vila Mariana,-23.5895,-46.6346,42,23598,17,61,43,NORMAL,27,2019-9-8,14,14288
29,9,Brooklin,-23.6263,-46.6878,4,28715,65,37,38,REABASTECER,13,2019-3-30,48,14850
39,19,Brooklin,-23.6263,-46.6878,8,27953,21,12,33,NORMAL,8,2019-6-22,26,14932
8,6,Brooklin,-23.6263,-46.6878,5,29875,6,86,11,REABASTECER,9,2018-1-10,55,14410
27,2,Brooklin,-23.6263,-46.6878,43,26496,34,27,29,REABASTECER,40,2018-1-25,10,14425
43,33,Brooklin,-23.6263,-46.6878,15,29936,20,57,28,NORMAL,31,2018-4-13,47,14503
39,29,Brooklin,-23.6263,-46.6878,15,28200,13,48,23,NORMAL,29,2018-4-14,41,14504
39,13,Campo Belo,-23.6188,-46.6823,38,24079,46,38,37,NORMAL,33,2018-1-14,51,15134
38,29,Campo Belo,-23.6188,-46.6823,13,26115,57,27,38,NORMAL,38,2018-1-24,53,15144
7,8,Brooklin,-23.6263,-46.6878,2,26841,58,48,21,NORMAL,29,2018-7-22,1,14602
7,39,Campo Belo,-23.6188,-46.6823,17,23411,27,50,27,NORMAL,35,2018-5-16,41,15256
35,37,Brooklin,-23.6263,-46.6878,24,27441,31,53,38,NORMAL,15,2018-12-24,48,14754
4,10,Repblica,-23.5436,-46.6434,29,109084,52,41,7,REABASTECER,8,2019-2-4,65,6874
13,36,Brooklin,-23.6263,-46.6878,29,29923,48,63,34,NORMAL,11,2019-5-3,39,14883
6,9,Brooklin,-23.6263,-46.6878,43,27539,14,45,38,REABASTECER,17,2019-9-25,20,15025
39,39,Campo Belo,-23.6188,-46.6823,38,23367,59,78,39,NORMAL,38,2018-1-2,61,15122
3,23,Higienpolis-Mackenzie,-23.5488,-46.6519,32,91877,54,61,43,REABASTECER,8,2018-10-18,44,7488
26,36,Eucaliptos,-23.61,-46.6686,3,22880,45,86,23,REABASTECER,43,2018-9-22,41,16102
26,33,Higienpolis-Mackenzie,-23.5488,-46.6519,23,90411,13,37,43,NORMAL,43,2019-2-8,15,7598
14,12,Campo Belo,-23.6188,-46.6823,16,23344,3,28,43,REABASTECER,26,2019-3-13,57,15553
12,23,Eucaliptos,-23.61,-46.6686,12,22593,21,23,24,NORMAL,33,2019-2-9,22,16239
20,6,Campo Belo,-23.6188,-46.6823,11,26072,17,75,36,REABASTECER,7,2019-8-1,36,15691
1,25,Higienpolis-Mackenzie,-23.5488,-46.6519,24,91222,65,49,17,NORMAL,11,2019-7-24,35,7764
41,35,Campo Belo,-23.6188,-46.6823,9,23985,44,74,10,NORMAL,15,2019-10-13,65,15763
15,34,Campo Belo,-23.6188,-46.6823,32,26876,65,28,27,NORMAL,33,2019-12-13,32,15823
36,36,Eucaliptos,-23.61,-46.6686,31,24243,58,68,39,NORMAL,38,2018-1-3,53,15843
10,7,Faria Lima,-23.5675,-46.6929,43,52077,65,86,17,NORMAL,11,2018-4-26,51,8036
15,9,Moema,-23.5489,-46.6388,5,20022,22,76,39,REABASTECER,29,2018-6-2,22,16712
32,19,Eucaliptos,-23.61,-46.6686,33,24684,14,65,38,NORMAL,11,2018-10-10,37,16120
43,25,Eucaliptos,-23.61,-46.6686,23,22205,35,86,9,NORMAL,33,2018-10-26,65,16136
28,25,Eucaliptos,-23.61,-46.6686,41,23909,56,26,32,NORMAL,7,2019-1-3,10,16203
12,18,Moema,-23.5489,-46.6388,17,18589,44,33,22,NORMAL,15,2018-9-11,40,16811
3,16,Eucaliptos,-23.61,-46.6686,33,23884,63,3,9,REABASTECER,17,2019-2-2,8,16232
24,27,Faria Lima,-23.5675,-46.6929,41,52181,46,7,5,REABASTECER,7,2019-1-17,50,8297
14,14,Faria Lima,-23.5675,-46.6929,19,53711,26,86,43,NORMAL,28,2019-4-18,65,8388
14,25,Eucaliptos,-23.61,-46.6686,36,21897,39,49,12,NORMAL,34,2019-6-27,45,16377
